section_level,section_id,section_number,section_name,path,url
1,introduction,1,Introduction,introduction.html,https://r4ds.had.co.nz/introduction.html#introduction
2,what-you-will-learn,1.1,What you will learn,introduction.html,https://r4ds.had.co.nz/introduction.html#what-you-will-learn
2,how-this-book-is-organised,1.2,How this book is organised,introduction.html,https://r4ds.had.co.nz/introduction.html#how-this-book-is-organised
2,what-you-wont-learn,1.3,What you won’t learn,introduction.html,https://r4ds.had.co.nz/introduction.html#what-you-wont-learn
3,big-data,1.3.1,Big data,introduction.html,https://r4ds.had.co.nz/introduction.html#big-data
3,python-julia-and-friends,1.3.2,"Python, Julia, and friends",introduction.html,https://r4ds.had.co.nz/introduction.html#python-julia-and-friends
3,non-rectangular-data,1.3.3,Non-rectangular data,introduction.html,https://r4ds.had.co.nz/introduction.html#non-rectangular-data
3,hypothesis-confirmation,1.3.4,Hypothesis confirmation,introduction.html,https://r4ds.had.co.nz/introduction.html#hypothesis-confirmation
2,prerequisites,1.4,Prerequisites,introduction.html,https://r4ds.had.co.nz/introduction.html#prerequisites
3,r,1.4.1,R,introduction.html,https://r4ds.had.co.nz/introduction.html#r
3,rstudio,1.4.2,RStudio,introduction.html,https://r4ds.had.co.nz/introduction.html#rstudio
3,the-tidyverse,1.4.3,The tidyverse,introduction.html,https://r4ds.had.co.nz/introduction.html#the-tidyverse
3,other-packages,1.4.4,Other packages,introduction.html,https://r4ds.had.co.nz/introduction.html#other-packages
2,running-r-code,1.5,Running R code,introduction.html,https://r4ds.had.co.nz/introduction.html#running-r-code
2,getting-help-and-learning-more,1.6,Getting help and learning more,introduction.html,https://r4ds.had.co.nz/introduction.html#getting-help-and-learning-more
2,acknowledgements,1.7,Acknowledgements,introduction.html,https://r4ds.had.co.nz/introduction.html#acknowledgements
2,colophon,1.8,Colophon,introduction.html,https://r4ds.had.co.nz/introduction.html#colophon
1,explore-intro,2,Introduction,explore-intro.html,https://r4ds.had.co.nz/explore-intro.html#explore-intro
1,data-visualisation,3,Data visualisation,data-visualisation.html,https://r4ds.had.co.nz/data-visualisation.html#data-visualisation
2,introduction-1,3.1,Introduction,data-visualisation.html,https://r4ds.had.co.nz/data-visualisation.html#introduction-1
3,prerequisites-1,3.1.1,Prerequisites,data-visualisation.html,https://r4ds.had.co.nz/data-visualisation.html#prerequisites-1
2,first-steps,3.2,First steps,data-visualisation.html,https://r4ds.had.co.nz/data-visualisation.html#first-steps
3,the-mpg-data-frame,3.2.1,The mpg data frame,data-visualisation.html,https://r4ds.had.co.nz/data-visualisation.html#the-mpg-data-frame
3,creating-a-ggplot,3.2.2,Creating a ggplot,data-visualisation.html,https://r4ds.had.co.nz/data-visualisation.html#creating-a-ggplot
3,a-graphing-template,3.2.3,A graphing template,data-visualisation.html,https://r4ds.had.co.nz/data-visualisation.html#a-graphing-template
3,exercises,3.2.4,Exercises,data-visualisation.html,https://r4ds.had.co.nz/data-visualisation.html#exercises
2,aesthetic-mappings,3.3,Aesthetic mappings,data-visualisation.html,https://r4ds.had.co.nz/data-visualisation.html#aesthetic-mappings
3,exercises-1,3.3.1,Exercises,data-visualisation.html,https://r4ds.had.co.nz/data-visualisation.html#exercises-1
2,common-problems,3.4,Common problems,data-visualisation.html,https://r4ds.had.co.nz/data-visualisation.html#common-problems
2,facets,3.5,Facets,data-visualisation.html,https://r4ds.had.co.nz/data-visualisation.html#facets
3,exercises-2,3.5.1,Exercises,data-visualisation.html,https://r4ds.had.co.nz/data-visualisation.html#exercises-2
2,geometric-objects,3.6,Geometric objects,data-visualisation.html,https://r4ds.had.co.nz/data-visualisation.html#geometric-objects
3,exercises-3,3.6.1,Exercises,data-visualisation.html,https://r4ds.had.co.nz/data-visualisation.html#exercises-3
2,statistical-transformations,3.7,Statistical transformations,data-visualisation.html,https://r4ds.had.co.nz/data-visualisation.html#statistical-transformations
3,exercises-4,3.7.1,Exercises,data-visualisation.html,https://r4ds.had.co.nz/data-visualisation.html#exercises-4
2,position-adjustments,3.8,Position adjustments,data-visualisation.html,https://r4ds.had.co.nz/data-visualisation.html#position-adjustments
3,exercises-5,3.8.1,Exercises,data-visualisation.html,https://r4ds.had.co.nz/data-visualisation.html#exercises-5
2,coordinate-systems,3.9,Coordinate systems,data-visualisation.html,https://r4ds.had.co.nz/data-visualisation.html#coordinate-systems
3,exercises-6,3.9.1,Exercises,data-visualisation.html,https://r4ds.had.co.nz/data-visualisation.html#exercises-6
2,the-layered-grammar-of-graphics,3.10,The layered grammar of graphics,data-visualisation.html,https://r4ds.had.co.nz/data-visualisation.html#the-layered-grammar-of-graphics
1,workflow-basics,4,Workflow: basics,workflow-basics.html,https://r4ds.had.co.nz/workflow-basics.html#workflow-basics
2,coding-basics,4.1,Coding basics,workflow-basics.html,https://r4ds.had.co.nz/workflow-basics.html#coding-basics
2,whats-in-a-name,4.2,What’s in a name?,workflow-basics.html,https://r4ds.had.co.nz/workflow-basics.html#whats-in-a-name
2,calling-functions,4.3,Calling functions,workflow-basics.html,https://r4ds.had.co.nz/workflow-basics.html#calling-functions
2,practice,4.4,Practice,workflow-basics.html,https://r4ds.had.co.nz/workflow-basics.html#practice
1,transform,5,Data transformation,transform.html,https://r4ds.had.co.nz/transform.html#transform
2,introduction-2,5.1,Introduction,transform.html,https://r4ds.had.co.nz/transform.html#introduction-2
3,prerequisites-2,5.1.1,Prerequisites,transform.html,https://r4ds.had.co.nz/transform.html#prerequisites-2
3,nycflights13,5.1.2,nycflights13,transform.html,https://r4ds.had.co.nz/transform.html#nycflights13
3,dplyr-basics,5.1.3,dplyr basics,transform.html,https://r4ds.had.co.nz/transform.html#dplyr-basics
2,filter-rows-with-filter,5.2,Filter rows with filter(),transform.html,https://r4ds.had.co.nz/transform.html#filter-rows-with-filter
3,comparisons,5.2.1,Comparisons,transform.html,https://r4ds.had.co.nz/transform.html#comparisons
3,logical-operators,5.2.2,Logical operators,transform.html,https://r4ds.had.co.nz/transform.html#logical-operators
3,missing-values,5.2.3,Missing values,transform.html,https://r4ds.had.co.nz/transform.html#missing-values
3,exercises-7,5.2.4,Exercises,transform.html,https://r4ds.had.co.nz/transform.html#exercises-7
2,arrange-rows-with-arrange,5.3,Arrange rows with arrange(),transform.html,https://r4ds.had.co.nz/transform.html#arrange-rows-with-arrange
3,exercises-8,5.3.1,Exercises,transform.html,https://r4ds.had.co.nz/transform.html#exercises-8
2,select,5.4,Select columns with select(),transform.html,https://r4ds.had.co.nz/transform.html#select
3,exercises-9,5.4.1,Exercises,transform.html,https://r4ds.had.co.nz/transform.html#exercises-9
2,add-new-variables-with-mutate,5.5,Add new variables with mutate(),transform.html,https://r4ds.had.co.nz/transform.html#add-new-variables-with-mutate
3,mutate-funs,5.5.1,Useful creation functions,transform.html,https://r4ds.had.co.nz/transform.html#mutate-funs
3,exercises-10,5.5.2,Exercises,transform.html,https://r4ds.had.co.nz/transform.html#exercises-10
2,grouped-summaries-with-summarise,5.6,Grouped summaries with summarise(),transform.html,https://r4ds.had.co.nz/transform.html#grouped-summaries-with-summarise
3,combining-multiple-operations-with-the-pipe,5.6.1,Combining multiple operations with the pipe,transform.html,https://r4ds.had.co.nz/transform.html#combining-multiple-operations-with-the-pipe
3,missing-values-1,5.6.2,Missing values,transform.html,https://r4ds.had.co.nz/transform.html#missing-values-1
3,counts,5.6.3,Counts,transform.html,https://r4ds.had.co.nz/transform.html#counts
3,summarise-funs,5.6.4,Useful summary functions,transform.html,https://r4ds.had.co.nz/transform.html#summarise-funs
3,grouping-by-multiple-variables,5.6.5,Grouping by multiple variables,transform.html,https://r4ds.had.co.nz/transform.html#grouping-by-multiple-variables
3,ungrouping,5.6.6,Ungrouping,transform.html,https://r4ds.had.co.nz/transform.html#ungrouping
3,exercises-11,5.6.7,Exercises,transform.html,https://r4ds.had.co.nz/transform.html#exercises-11
2,grouped-mutates-and-filters,5.7,Grouped mutates (and filters),transform.html,https://r4ds.had.co.nz/transform.html#grouped-mutates-and-filters
3,exercises-12,5.7.1,Exercises,transform.html,https://r4ds.had.co.nz/transform.html#exercises-12
1,workflow-scripts,6,Workflow: scripts,workflow-scripts.html,https://r4ds.had.co.nz/workflow-scripts.html#workflow-scripts
2,running-code,6.1,Running code,workflow-scripts.html,https://r4ds.had.co.nz/workflow-scripts.html#running-code
2,rstudio-diagnostics,6.2,RStudio diagnostics,workflow-scripts.html,https://r4ds.had.co.nz/workflow-scripts.html#rstudio-diagnostics
2,practice-1,6.3,Practice,workflow-scripts.html,https://r4ds.had.co.nz/workflow-scripts.html#practice-1
1,exploratory-data-analysis,7,Exploratory Data Analysis,exploratory-data-analysis.html,https://r4ds.had.co.nz/exploratory-data-analysis.html#exploratory-data-analysis
2,introduction-3,7.1,Introduction,exploratory-data-analysis.html,https://r4ds.had.co.nz/exploratory-data-analysis.html#introduction-3
3,prerequisites-3,7.1.1,Prerequisites,exploratory-data-analysis.html,https://r4ds.had.co.nz/exploratory-data-analysis.html#prerequisites-3
2,questions,7.2,Questions,exploratory-data-analysis.html,https://r4ds.had.co.nz/exploratory-data-analysis.html#questions
2,variation,7.3,Variation,exploratory-data-analysis.html,https://r4ds.had.co.nz/exploratory-data-analysis.html#variation
3,visualising-distributions,7.3.1,Visualising distributions,exploratory-data-analysis.html,https://r4ds.had.co.nz/exploratory-data-analysis.html#visualising-distributions
3,typical-values,7.3.2,Typical values,exploratory-data-analysis.html,https://r4ds.had.co.nz/exploratory-data-analysis.html#typical-values
3,unusual-values,7.3.3,Unusual values,exploratory-data-analysis.html,https://r4ds.had.co.nz/exploratory-data-analysis.html#unusual-values
3,exercises-13,7.3.4,Exercises,exploratory-data-analysis.html,https://r4ds.had.co.nz/exploratory-data-analysis.html#exercises-13
2,missing-values-2,7.4,Missing values,exploratory-data-analysis.html,https://r4ds.had.co.nz/exploratory-data-analysis.html#missing-values-2
3,exercises-14,7.4.1,Exercises,exploratory-data-analysis.html,https://r4ds.had.co.nz/exploratory-data-analysis.html#exercises-14
2,covariation,7.5,Covariation,exploratory-data-analysis.html,https://r4ds.had.co.nz/exploratory-data-analysis.html#covariation
3,cat-cont,7.5.1,A categorical and continuous variable,exploratory-data-analysis.html,https://r4ds.had.co.nz/exploratory-data-analysis.html#cat-cont
4,exercises-15,7.5.1.1,Exercises,exploratory-data-analysis.html,https://r4ds.had.co.nz/exploratory-data-analysis.html#exercises-15
3,two-categorical-variables,7.5.2,Two categorical variables,exploratory-data-analysis.html,https://r4ds.had.co.nz/exploratory-data-analysis.html#two-categorical-variables
4,exercises-16,7.5.2.1,Exercises,exploratory-data-analysis.html,https://r4ds.had.co.nz/exploratory-data-analysis.html#exercises-16
3,two-continuous-variables,7.5.3,Two continuous variables,exploratory-data-analysis.html,https://r4ds.had.co.nz/exploratory-data-analysis.html#two-continuous-variables
4,exercises-17,7.5.3.1,Exercises,exploratory-data-analysis.html,https://r4ds.had.co.nz/exploratory-data-analysis.html#exercises-17
2,patterns-and-models,7.6,Patterns and models,exploratory-data-analysis.html,https://r4ds.had.co.nz/exploratory-data-analysis.html#patterns-and-models
2,ggplot2-calls,7.7,ggplot2 calls,exploratory-data-analysis.html,https://r4ds.had.co.nz/exploratory-data-analysis.html#ggplot2-calls
2,learning-more,7.8,Learning more,exploratory-data-analysis.html,https://r4ds.had.co.nz/exploratory-data-analysis.html#learning-more
1,workflow-projects,8,Workflow: projects,workflow-projects.html,https://r4ds.had.co.nz/workflow-projects.html#workflow-projects
2,what-is-real,8.1,What is real?,workflow-projects.html,https://r4ds.had.co.nz/workflow-projects.html#what-is-real
2,where-does-your-analysis-live,8.2,Where does your analysis live?,workflow-projects.html,https://r4ds.had.co.nz/workflow-projects.html#where-does-your-analysis-live
2,paths-and-directories,8.3,Paths and directories,workflow-projects.html,https://r4ds.had.co.nz/workflow-projects.html#paths-and-directories
2,rstudio-projects,8.4,RStudio projects,workflow-projects.html,https://r4ds.had.co.nz/workflow-projects.html#rstudio-projects
2,summary,8.5,Summary,workflow-projects.html,https://r4ds.had.co.nz/workflow-projects.html#summary
1,wrangle-intro,9,Introduction,wrangle-intro.html,https://r4ds.had.co.nz/wrangle-intro.html#wrangle-intro
1,tibbles,10,Tibbles,tibbles.html,https://r4ds.had.co.nz/tibbles.html#tibbles
2,introduction-4,10.1,Introduction,tibbles.html,https://r4ds.had.co.nz/tibbles.html#introduction-4
3,prerequisites-4,10.1.1,Prerequisites,tibbles.html,https://r4ds.had.co.nz/tibbles.html#prerequisites-4
2,tibbles,10.2,Creating tibbles,tibbles.html,https://r4ds.had.co.nz/tibbles.html#tibbles
2,tibbles-vs.data.frame,10.3,Tibbles vs. data.frame,tibbles.html,https://r4ds.had.co.nz/tibbles.html#tibbles-vs.data.frame
3,printing,10.3.1,Printing,tibbles.html,https://r4ds.had.co.nz/tibbles.html#printing
3,subsetting,10.3.2,Subsetting,tibbles.html,https://r4ds.had.co.nz/tibbles.html#subsetting
2,interacting-with-older-code,10.4,Interacting with older code,tibbles.html,https://r4ds.had.co.nz/tibbles.html#interacting-with-older-code
2,exercises-18,10.5,Exercises,tibbles.html,https://r4ds.had.co.nz/tibbles.html#exercises-18
1,data-import,11,Data import,data-import.html,https://r4ds.had.co.nz/data-import.html#data-import
2,introduction-5,11.1,Introduction,data-import.html,https://r4ds.had.co.nz/data-import.html#introduction-5
3,prerequisites-5,11.1.1,Prerequisites,data-import.html,https://r4ds.had.co.nz/data-import.html#prerequisites-5
2,getting-started,11.2,Getting started,data-import.html,https://r4ds.had.co.nz/data-import.html#getting-started
3,compared-to-base-r,11.2.1,Compared to base R,data-import.html,https://r4ds.had.co.nz/data-import.html#compared-to-base-r
3,exercises-19,11.2.2,Exercises,data-import.html,https://r4ds.had.co.nz/data-import.html#exercises-19
2,parsing-a-vector,11.3,Parsing a vector,data-import.html,https://r4ds.had.co.nz/data-import.html#parsing-a-vector
3,numbers,11.3.1,Numbers,data-import.html,https://r4ds.had.co.nz/data-import.html#numbers
3,readr-strings,11.3.2,Strings,data-import.html,https://r4ds.had.co.nz/data-import.html#readr-strings
3,readr-factors,11.3.3,Factors,data-import.html,https://r4ds.had.co.nz/data-import.html#readr-factors
3,readr-datetimes,11.3.4,"Dates, date-times, and times",data-import.html,https://r4ds.had.co.nz/data-import.html#readr-datetimes
3,exercises-20,11.3.5,Exercises,data-import.html,https://r4ds.had.co.nz/data-import.html#exercises-20
2,parsing-a-file,11.4,Parsing a file,data-import.html,https://r4ds.had.co.nz/data-import.html#parsing-a-file
3,strategy,11.4.1,Strategy,data-import.html,https://r4ds.had.co.nz/data-import.html#strategy
3,problems,11.4.2,Problems,data-import.html,https://r4ds.had.co.nz/data-import.html#problems
3,other-strategies,11.4.3,Other strategies,data-import.html,https://r4ds.had.co.nz/data-import.html#other-strategies
2,writing-to-a-file,11.5,Writing to a file,data-import.html,https://r4ds.had.co.nz/data-import.html#writing-to-a-file
2,other-types-of-data,11.6,Other types of data,data-import.html,https://r4ds.had.co.nz/data-import.html#other-types-of-data
1,tidy-data,12,Tidy data,tidy-data.html,https://r4ds.had.co.nz/tidy-data.html#tidy-data
2,introduction-6,12.1,Introduction,tidy-data.html,https://r4ds.had.co.nz/tidy-data.html#introduction-6
3,prerequisites-6,12.1.1,Prerequisites,tidy-data.html,https://r4ds.had.co.nz/tidy-data.html#prerequisites-6
2,tidy-data-1,12.2,Tidy data,tidy-data.html,https://r4ds.had.co.nz/tidy-data.html#tidy-data-1
3,exercises-21,12.2.1,Exercises,tidy-data.html,https://r4ds.had.co.nz/tidy-data.html#exercises-21
2,spreading-and-gathering,12.3,Spreading and gathering,tidy-data.html,https://r4ds.had.co.nz/tidy-data.html#spreading-and-gathering
3,gathering,12.3.1,Gathering,tidy-data.html,https://r4ds.had.co.nz/tidy-data.html#gathering
3,spreading,12.3.2,Spreading,tidy-data.html,https://r4ds.had.co.nz/tidy-data.html#spreading
3,exercises-22,12.3.3,Exercises,tidy-data.html,https://r4ds.had.co.nz/tidy-data.html#exercises-22
2,separating-and-uniting,12.4,Separating and uniting,tidy-data.html,https://r4ds.had.co.nz/tidy-data.html#separating-and-uniting
3,separate,12.4.1,Separate,tidy-data.html,https://r4ds.had.co.nz/tidy-data.html#separate
3,unite,12.4.2,Unite,tidy-data.html,https://r4ds.had.co.nz/tidy-data.html#unite
3,exercises-23,12.4.3,Exercises,tidy-data.html,https://r4ds.had.co.nz/tidy-data.html#exercises-23
2,missing-values-3,12.5,Missing values,tidy-data.html,https://r4ds.had.co.nz/tidy-data.html#missing-values-3
3,exercises-24,12.5.1,Exercises,tidy-data.html,https://r4ds.had.co.nz/tidy-data.html#exercises-24
2,case-study,12.6,Case Study,tidy-data.html,https://r4ds.had.co.nz/tidy-data.html#case-study
3,exercises-25,12.6.1,Exercises,tidy-data.html,https://r4ds.had.co.nz/tidy-data.html#exercises-25
2,non-tidy-data,12.7,Non-tidy data,tidy-data.html,https://r4ds.had.co.nz/tidy-data.html#non-tidy-data
1,relational-data,13,Relational data,relational-data.html,https://r4ds.had.co.nz/relational-data.html#relational-data
2,introduction-7,13.1,Introduction,relational-data.html,https://r4ds.had.co.nz/relational-data.html#introduction-7
3,prerequisites-7,13.1.1,Prerequisites,relational-data.html,https://r4ds.had.co.nz/relational-data.html#prerequisites-7
2,nycflights13-relational,13.2,nycflights13,relational-data.html,https://r4ds.had.co.nz/relational-data.html#nycflights13-relational
3,exercises-26,13.2.1,Exercises,relational-data.html,https://r4ds.had.co.nz/relational-data.html#exercises-26
2,keys,13.3,Keys,relational-data.html,https://r4ds.had.co.nz/relational-data.html#keys
3,exercises-27,13.3.1,Exercises,relational-data.html,https://r4ds.had.co.nz/relational-data.html#exercises-27
2,mutating-joins,13.4,Mutating joins,relational-data.html,https://r4ds.had.co.nz/relational-data.html#mutating-joins
3,understanding-joins,13.4.1,Understanding joins,relational-data.html,https://r4ds.had.co.nz/relational-data.html#understanding-joins
3,inner-join,13.4.2,Inner join,relational-data.html,https://r4ds.had.co.nz/relational-data.html#inner-join
3,outer-join,13.4.3,Outer joins,relational-data.html,https://r4ds.had.co.nz/relational-data.html#outer-join
3,join-matches,13.4.4,Duplicate keys,relational-data.html,https://r4ds.had.co.nz/relational-data.html#join-matches
3,join-by,13.4.5,Defining the key columns,relational-data.html,https://r4ds.had.co.nz/relational-data.html#join-by
3,exercises-28,13.4.6,Exercises,relational-data.html,https://r4ds.had.co.nz/relational-data.html#exercises-28
3,other-implementations,13.4.7,Other implementations,relational-data.html,https://r4ds.had.co.nz/relational-data.html#other-implementations
2,filtering-joins,13.5,Filtering joins,relational-data.html,https://r4ds.had.co.nz/relational-data.html#filtering-joins
3,exercises-29,13.5.1,Exercises,relational-data.html,https://r4ds.had.co.nz/relational-data.html#exercises-29
2,join-problems,13.6,Join problems,relational-data.html,https://r4ds.had.co.nz/relational-data.html#join-problems
2,set-operations,13.7,Set operations,relational-data.html,https://r4ds.had.co.nz/relational-data.html#set-operations
1,strings,14,Strings,strings.html,https://r4ds.had.co.nz/strings.html#strings
2,introduction-8,14.1,Introduction,strings.html,https://r4ds.had.co.nz/strings.html#introduction-8
3,prerequisites-8,14.1.1,Prerequisites,strings.html,https://r4ds.had.co.nz/strings.html#prerequisites-8
2,string-basics,14.2,String basics,strings.html,https://r4ds.had.co.nz/strings.html#string-basics
3,string-length,14.2.1,String length,strings.html,https://r4ds.had.co.nz/strings.html#string-length
3,combining-strings,14.2.2,Combining strings,strings.html,https://r4ds.had.co.nz/strings.html#combining-strings
3,subsetting-strings,14.2.3,Subsetting strings,strings.html,https://r4ds.had.co.nz/strings.html#subsetting-strings
3,locales,14.2.4,Locales,strings.html,https://r4ds.had.co.nz/strings.html#locales
3,exercises-30,14.2.5,Exercises,strings.html,https://r4ds.had.co.nz/strings.html#exercises-30
2,matching-patterns-with-regular-expressions,14.3,Matching patterns with regular expressions,strings.html,https://r4ds.had.co.nz/strings.html#matching-patterns-with-regular-expressions
3,basic-matches,14.3.1,Basic matches,strings.html,https://r4ds.had.co.nz/strings.html#basic-matches
4,exercises-31,14.3.1.1,Exercises,strings.html,https://r4ds.had.co.nz/strings.html#exercises-31
3,anchors,14.3.2,Anchors,strings.html,https://r4ds.had.co.nz/strings.html#anchors
4,exercises-32,14.3.2.1,Exercises,strings.html,https://r4ds.had.co.nz/strings.html#exercises-32
3,character-classes-and-alternatives,14.3.3,Character classes and alternatives,strings.html,https://r4ds.had.co.nz/strings.html#character-classes-and-alternatives
4,exercises-33,14.3.3.1,Exercises,strings.html,https://r4ds.had.co.nz/strings.html#exercises-33
3,repetition,14.3.4,Repetition,strings.html,https://r4ds.had.co.nz/strings.html#repetition
4,exercises-34,14.3.4.1,Exercises,strings.html,https://r4ds.had.co.nz/strings.html#exercises-34
3,grouping-and-backreferences,14.3.5,Grouping and backreferences,strings.html,https://r4ds.had.co.nz/strings.html#grouping-and-backreferences
4,exercises-35,14.3.5.1,Exercises,strings.html,https://r4ds.had.co.nz/strings.html#exercises-35
2,tools,14.4,Tools,strings.html,https://r4ds.had.co.nz/strings.html#tools
3,detect-matches,14.4.1,Detect matches,strings.html,https://r4ds.had.co.nz/strings.html#detect-matches
4,exercises-36,14.4.1.1,Exercises,strings.html,https://r4ds.had.co.nz/strings.html#exercises-36
3,extract-matches,14.4.2,Extract matches,strings.html,https://r4ds.had.co.nz/strings.html#extract-matches
4,exercises-37,14.4.2.1,Exercises,strings.html,https://r4ds.had.co.nz/strings.html#exercises-37
3,grouped-matches,14.4.3,Grouped matches,strings.html,https://r4ds.had.co.nz/strings.html#grouped-matches
4,exercises-38,14.4.3.1,Exercises,strings.html,https://r4ds.had.co.nz/strings.html#exercises-38
3,replacing-matches,14.4.4,Replacing matches,strings.html,https://r4ds.had.co.nz/strings.html#replacing-matches
4,exercises-39,14.4.4.1,Exercises,strings.html,https://r4ds.had.co.nz/strings.html#exercises-39
3,splitting,14.4.5,Splitting,strings.html,https://r4ds.had.co.nz/strings.html#splitting
4,exercises-40,14.4.5.1,Exercises,strings.html,https://r4ds.had.co.nz/strings.html#exercises-40
3,find-matches,14.4.6,Find matches,strings.html,https://r4ds.had.co.nz/strings.html#find-matches
2,other-types-of-pattern,14.5,Other types of pattern,strings.html,https://r4ds.had.co.nz/strings.html#other-types-of-pattern
3,exercises-41,14.5.1,Exercises,strings.html,https://r4ds.had.co.nz/strings.html#exercises-41
2,other-uses-of-regular-expressions,14.6,Other uses of regular expressions,strings.html,https://r4ds.had.co.nz/strings.html#other-uses-of-regular-expressions
2,stringi,14.7,stringi,strings.html,https://r4ds.had.co.nz/strings.html#stringi
3,exercises-42,14.7.1,Exercises,strings.html,https://r4ds.had.co.nz/strings.html#exercises-42
1,factors,15,Factors,factors.html,https://r4ds.had.co.nz/factors.html#factors
2,introduction-9,15.1,Introduction,factors.html,https://r4ds.had.co.nz/factors.html#introduction-9
3,prerequisites-9,15.1.1,Prerequisites,factors.html,https://r4ds.had.co.nz/factors.html#prerequisites-9
3,learning-more-1,15.1.2,Learning more,factors.html,https://r4ds.had.co.nz/factors.html#learning-more-1
2,creating-factors,15.2,Creating factors,factors.html,https://r4ds.had.co.nz/factors.html#creating-factors
2,general-social-survey,15.3,General Social Survey,factors.html,https://r4ds.had.co.nz/factors.html#general-social-survey
3,exercise,15.3.1,Exercise,factors.html,https://r4ds.had.co.nz/factors.html#exercise
2,modifying-factor-order,15.4,Modifying factor order,factors.html,https://r4ds.had.co.nz/factors.html#modifying-factor-order
3,exercises-43,15.4.1,Exercises,factors.html,https://r4ds.had.co.nz/factors.html#exercises-43
2,modifying-factor-levels,15.5,Modifying factor levels,factors.html,https://r4ds.had.co.nz/factors.html#modifying-factor-levels
3,exercises-44,15.5.1,Exercises,factors.html,https://r4ds.had.co.nz/factors.html#exercises-44
1,dates-and-times,16,Dates and times,dates-and-times.html,https://r4ds.had.co.nz/dates-and-times.html#dates-and-times
2,introduction-10,16.1,Introduction,dates-and-times.html,https://r4ds.had.co.nz/dates-and-times.html#introduction-10
3,prerequisites-10,16.1.1,Prerequisites,dates-and-times.html,https://r4ds.had.co.nz/dates-and-times.html#prerequisites-10
2,creating-datetimes,16.2,Creating date/times,dates-and-times.html,https://r4ds.had.co.nz/dates-and-times.html#creating-datetimes
3,from-strings,16.2.1,From strings,dates-and-times.html,https://r4ds.had.co.nz/dates-and-times.html#from-strings
3,from-individual-components,16.2.2,From individual components,dates-and-times.html,https://r4ds.had.co.nz/dates-and-times.html#from-individual-components
3,from-other-types,16.2.3,From other types,dates-and-times.html,https://r4ds.had.co.nz/dates-and-times.html#from-other-types
3,exercises-45,16.2.4,Exercises,dates-and-times.html,https://r4ds.had.co.nz/dates-and-times.html#exercises-45
2,date-time-components,16.3,Date-time components,dates-and-times.html,https://r4ds.had.co.nz/dates-and-times.html#date-time-components
3,getting-components,16.3.1,Getting components,dates-and-times.html,https://r4ds.had.co.nz/dates-and-times.html#getting-components
3,rounding,16.3.2,Rounding,dates-and-times.html,https://r4ds.had.co.nz/dates-and-times.html#rounding
3,setting-components,16.3.3,Setting components,dates-and-times.html,https://r4ds.had.co.nz/dates-and-times.html#setting-components
3,exercises-46,16.3.4,Exercises,dates-and-times.html,https://r4ds.had.co.nz/dates-and-times.html#exercises-46
2,time-spans,16.4,Time spans,dates-and-times.html,https://r4ds.had.co.nz/dates-and-times.html#time-spans
3,durations,16.4.1,Durations,dates-and-times.html,https://r4ds.had.co.nz/dates-and-times.html#durations
3,periods,16.4.2,Periods,dates-and-times.html,https://r4ds.had.co.nz/dates-and-times.html#periods
3,intervals,16.4.3,Intervals,dates-and-times.html,https://r4ds.had.co.nz/dates-and-times.html#intervals
3,summary-1,16.4.4,Summary,dates-and-times.html,https://r4ds.had.co.nz/dates-and-times.html#summary-1
3,exercises-47,16.4.5,Exercises,dates-and-times.html,https://r4ds.had.co.nz/dates-and-times.html#exercises-47
2,time-zones,16.5,Time zones,dates-and-times.html,https://r4ds.had.co.nz/dates-and-times.html#time-zones
1,program-intro,17,Introduction,program-intro.html,https://r4ds.had.co.nz/program-intro.html#program-intro
2,learning-more-2,17.1,Learning more,program-intro.html,https://r4ds.had.co.nz/program-intro.html#learning-more-2
1,pipes,18,Pipes,pipes.html,https://r4ds.had.co.nz/pipes.html#pipes
2,introduction-11,18.1,Introduction,pipes.html,https://r4ds.had.co.nz/pipes.html#introduction-11
3,prerequisites-11,18.1.1,Prerequisites,pipes.html,https://r4ds.had.co.nz/pipes.html#prerequisites-11
2,piping-alternatives,18.2,Piping alternatives,pipes.html,https://r4ds.had.co.nz/pipes.html#piping-alternatives
3,intermediate-steps,18.2.1,Intermediate steps,pipes.html,https://r4ds.had.co.nz/pipes.html#intermediate-steps
3,overwrite-the-original,18.2.2,Overwrite the original,pipes.html,https://r4ds.had.co.nz/pipes.html#overwrite-the-original
3,function-composition,18.2.3,Function composition,pipes.html,https://r4ds.had.co.nz/pipes.html#function-composition
3,use-the-pipe,18.2.4,Use the pipe,pipes.html,https://r4ds.had.co.nz/pipes.html#use-the-pipe
2,when-not-to-use-the-pipe,18.3,When not to use the pipe,pipes.html,https://r4ds.had.co.nz/pipes.html#when-not-to-use-the-pipe
2,other-tools-from-magrittr,18.4,Other tools from magrittr,pipes.html,https://r4ds.had.co.nz/pipes.html#other-tools-from-magrittr
1,functions,19,Functions,functions.html,https://r4ds.had.co.nz/functions.html#functions
2,introduction-12,19.1,Introduction,functions.html,https://r4ds.had.co.nz/functions.html#introduction-12
3,prerequisites-12,19.1.1,Prerequisites,functions.html,https://r4ds.had.co.nz/functions.html#prerequisites-12
2,when-should-you-write-a-function,19.2,When should you write a function?,functions.html,https://r4ds.had.co.nz/functions.html#when-should-you-write-a-function
3,practice-2,19.2.1,Practice,functions.html,https://r4ds.had.co.nz/functions.html#practice-2
2,functions-are-for-humans-and-computers,19.3,Functions are for humans and computers,functions.html,https://r4ds.had.co.nz/functions.html#functions-are-for-humans-and-computers
3,exercises-48,19.3.1,Exercises,functions.html,https://r4ds.had.co.nz/functions.html#exercises-48
2,conditional-execution,19.4,Conditional execution,functions.html,https://r4ds.had.co.nz/functions.html#conditional-execution
3,conditions,19.4.1,Conditions,functions.html,https://r4ds.had.co.nz/functions.html#conditions
3,multiple-conditions,19.4.2,Multiple conditions,functions.html,https://r4ds.had.co.nz/functions.html#multiple-conditions
3,code-style,19.4.3,Code style,functions.html,https://r4ds.had.co.nz/functions.html#code-style
3,exercises-49,19.4.4,Exercises,functions.html,https://r4ds.had.co.nz/functions.html#exercises-49
2,function-arguments,19.5,Function arguments,functions.html,https://r4ds.had.co.nz/functions.html#function-arguments
3,choosing-names,19.5.1,Choosing names,functions.html,https://r4ds.had.co.nz/functions.html#choosing-names
3,checking-values,19.5.2,Checking values,functions.html,https://r4ds.had.co.nz/functions.html#checking-values
3,dot-dot-dot,19.5.3,Dot-dot-dot (…),functions.html,https://r4ds.had.co.nz/functions.html#dot-dot-dot
3,lazy-evaluation,19.5.4,Lazy evaluation,functions.html,https://r4ds.had.co.nz/functions.html#lazy-evaluation
3,exercises-50,19.5.5,Exercises,functions.html,https://r4ds.had.co.nz/functions.html#exercises-50
2,return-values,19.6,Return values,functions.html,https://r4ds.had.co.nz/functions.html#return-values
3,explicit-return-statements,19.6.1,Explicit return statements,functions.html,https://r4ds.had.co.nz/functions.html#explicit-return-statements
3,writing-pipeable-functions,19.6.2,Writing pipeable functions,functions.html,https://r4ds.had.co.nz/functions.html#writing-pipeable-functions
2,environment,19.7,Environment,functions.html,https://r4ds.had.co.nz/functions.html#environment
1,vectors,20,Vectors,vectors.html,https://r4ds.had.co.nz/vectors.html#vectors
2,introduction-13,20.1,Introduction,vectors.html,https://r4ds.had.co.nz/vectors.html#introduction-13
3,prerequisites-13,20.1.1,Prerequisites,vectors.html,https://r4ds.had.co.nz/vectors.html#prerequisites-13
2,vector-basics,20.2,Vector basics,vectors.html,https://r4ds.had.co.nz/vectors.html#vector-basics
2,important-types-of-atomic-vector,20.3,Important types of atomic vector,vectors.html,https://r4ds.had.co.nz/vectors.html#important-types-of-atomic-vector
3,logical,20.3.1,Logical,vectors.html,https://r4ds.had.co.nz/vectors.html#logical
3,numeric,20.3.2,Numeric,vectors.html,https://r4ds.had.co.nz/vectors.html#numeric
3,character,20.3.3,Character,vectors.html,https://r4ds.had.co.nz/vectors.html#character
3,missing-values-4,20.3.4,Missing values,vectors.html,https://r4ds.had.co.nz/vectors.html#missing-values-4
3,exercises-51,20.3.5,Exercises,vectors.html,https://r4ds.had.co.nz/vectors.html#exercises-51
2,using-atomic-vectors,20.4,Using atomic vectors,vectors.html,https://r4ds.had.co.nz/vectors.html#using-atomic-vectors
3,coercion,20.4.1,Coercion,vectors.html,https://r4ds.had.co.nz/vectors.html#coercion
3,test-functions,20.4.2,Test functions,vectors.html,https://r4ds.had.co.nz/vectors.html#test-functions
3,scalars-and-recycling-rules,20.4.3,Scalars and recycling rules,vectors.html,https://r4ds.had.co.nz/vectors.html#scalars-and-recycling-rules
3,naming-vectors,20.4.4,Naming vectors,vectors.html,https://r4ds.had.co.nz/vectors.html#naming-vectors
3,vector-subsetting,20.4.5,Subsetting,vectors.html,https://r4ds.had.co.nz/vectors.html#vector-subsetting
3,exercises-52,20.4.6,Exercises,vectors.html,https://r4ds.had.co.nz/vectors.html#exercises-52
2,lists,20.5,Recursive vectors (lists),vectors.html,https://r4ds.had.co.nz/vectors.html#lists
3,visualising-lists,20.5.1,Visualising lists,vectors.html,https://r4ds.had.co.nz/vectors.html#visualising-lists
3,subsetting-1,20.5.2,Subsetting,vectors.html,https://r4ds.had.co.nz/vectors.html#subsetting-1
3,lists-of-condiments,20.5.3,Lists of condiments,vectors.html,https://r4ds.had.co.nz/vectors.html#lists-of-condiments
3,exercises-53,20.5.4,Exercises,vectors.html,https://r4ds.had.co.nz/vectors.html#exercises-53
2,attributes,20.6,Attributes,vectors.html,https://r4ds.had.co.nz/vectors.html#attributes
2,augmented-vectors,20.7,Augmented vectors,vectors.html,https://r4ds.had.co.nz/vectors.html#augmented-vectors
3,factors-1,20.7.1,Factors,vectors.html,https://r4ds.had.co.nz/vectors.html#factors-1
3,dates-and-date-times,20.7.2,Dates and date-times,vectors.html,https://r4ds.had.co.nz/vectors.html#dates-and-date-times
3,tibbles-1,20.7.3,Tibbles,vectors.html,https://r4ds.had.co.nz/vectors.html#tibbles-1
3,exercises-54,20.7.4,Exercises,vectors.html,https://r4ds.had.co.nz/vectors.html#exercises-54
1,iteration,21,Iteration,iteration.html,https://r4ds.had.co.nz/iteration.html#iteration
2,introduction-14,21.1,Introduction,iteration.html,https://r4ds.had.co.nz/iteration.html#introduction-14
3,prerequisites-14,21.1.1,Prerequisites,iteration.html,https://r4ds.had.co.nz/iteration.html#prerequisites-14
2,for-loops,21.2,For loops,iteration.html,https://r4ds.had.co.nz/iteration.html#for-loops
3,exercises-55,21.2.1,Exercises,iteration.html,https://r4ds.had.co.nz/iteration.html#exercises-55
2,for-loop-variations,21.3,For loop variations,iteration.html,https://r4ds.had.co.nz/iteration.html#for-loop-variations
3,modifying-an-existing-object,21.3.1,Modifying an existing object,iteration.html,https://r4ds.had.co.nz/iteration.html#modifying-an-existing-object
3,looping-patterns,21.3.2,Looping patterns,iteration.html,https://r4ds.had.co.nz/iteration.html#looping-patterns
3,unknown-output-length,21.3.3,Unknown output length,iteration.html,https://r4ds.had.co.nz/iteration.html#unknown-output-length
3,unknown-sequence-length,21.3.4,Unknown sequence length,iteration.html,https://r4ds.had.co.nz/iteration.html#unknown-sequence-length
3,exercises-56,21.3.5,Exercises,iteration.html,https://r4ds.had.co.nz/iteration.html#exercises-56
2,for-loops-vs.functionals,21.4,For loops vs. functionals,iteration.html,https://r4ds.had.co.nz/iteration.html#for-loops-vs.functionals
3,exercises-57,21.4.1,Exercises,iteration.html,https://r4ds.had.co.nz/iteration.html#exercises-57
2,the-map-functions,21.5,The map functions,iteration.html,https://r4ds.had.co.nz/iteration.html#the-map-functions
3,shortcuts,21.5.1,Shortcuts,iteration.html,https://r4ds.had.co.nz/iteration.html#shortcuts
3,base-r,21.5.2,Base R,iteration.html,https://r4ds.had.co.nz/iteration.html#base-r
3,exercises-58,21.5.3,Exercises,iteration.html,https://r4ds.had.co.nz/iteration.html#exercises-58
2,dealing-with-failure,21.6,Dealing with failure,iteration.html,https://r4ds.had.co.nz/iteration.html#dealing-with-failure
2,mapping-over-multiple-arguments,21.7,Mapping over multiple arguments,iteration.html,https://r4ds.had.co.nz/iteration.html#mapping-over-multiple-arguments
3,invoking-different-functions,21.7.1,Invoking different functions,iteration.html,https://r4ds.had.co.nz/iteration.html#invoking-different-functions
2,walk,21.8,Walk,iteration.html,https://r4ds.had.co.nz/iteration.html#walk
2,other-patterns-of-for-loops,21.9,Other patterns of for loops,iteration.html,https://r4ds.had.co.nz/iteration.html#other-patterns-of-for-loops
3,predicate-functions,21.9.1,Predicate functions,iteration.html,https://r4ds.had.co.nz/iteration.html#predicate-functions
3,reduce-and-accumulate,21.9.2,Reduce and accumulate,iteration.html,https://r4ds.had.co.nz/iteration.html#reduce-and-accumulate
3,exercises-59,21.9.3,Exercises,iteration.html,https://r4ds.had.co.nz/iteration.html#exercises-59
1,model-intro,22,Introduction,model-intro.html,https://r4ds.had.co.nz/model-intro.html#model-intro
2,hypothesis-generation-vs.hypothesis-confirmation,22.1,Hypothesis generation vs. hypothesis confirmation,model-intro.html,https://r4ds.had.co.nz/model-intro.html#hypothesis-generation-vs.hypothesis-confirmation
1,model-basics,23,Model basics,model-basics.html,https://r4ds.had.co.nz/model-basics.html#model-basics
2,introduction-15,23.1,Introduction,model-basics.html,https://r4ds.had.co.nz/model-basics.html#introduction-15
3,prerequisites-15,23.1.1,Prerequisites,model-basics.html,https://r4ds.had.co.nz/model-basics.html#prerequisites-15
2,a-simple-model,23.2,A simple model,model-basics.html,https://r4ds.had.co.nz/model-basics.html#a-simple-model
3,exercises-60,23.2.1,Exercises,model-basics.html,https://r4ds.had.co.nz/model-basics.html#exercises-60
2,visualising-models,23.3,Visualising models,model-basics.html,https://r4ds.had.co.nz/model-basics.html#visualising-models
3,predictions,23.3.1,Predictions,model-basics.html,https://r4ds.had.co.nz/model-basics.html#predictions
3,residuals,23.3.2,Residuals,model-basics.html,https://r4ds.had.co.nz/model-basics.html#residuals
3,exercises-61,23.3.3,Exercises,model-basics.html,https://r4ds.had.co.nz/model-basics.html#exercises-61
2,formulas-and-model-families,23.4,Formulas and model families,model-basics.html,https://r4ds.had.co.nz/model-basics.html#formulas-and-model-families
3,categorical-variables,23.4.1,Categorical variables,model-basics.html,https://r4ds.had.co.nz/model-basics.html#categorical-variables
3,interactions-continuous-and-categorical,23.4.2,Interactions (continuous and categorical),model-basics.html,https://r4ds.had.co.nz/model-basics.html#interactions-continuous-and-categorical
3,interactions-two-continuous,23.4.3,Interactions (two continuous),model-basics.html,https://r4ds.had.co.nz/model-basics.html#interactions-two-continuous
3,transformations,23.4.4,Transformations,model-basics.html,https://r4ds.had.co.nz/model-basics.html#transformations
3,exercises-62,23.4.5,Exercises,model-basics.html,https://r4ds.had.co.nz/model-basics.html#exercises-62
2,missing-values-5,23.5,Missing values,model-basics.html,https://r4ds.had.co.nz/model-basics.html#missing-values-5
2,other-model-families,23.6,Other model families,model-basics.html,https://r4ds.had.co.nz/model-basics.html#other-model-families
1,model-building,24,Model building,model-building.html,https://r4ds.had.co.nz/model-building.html#model-building
2,introduction-16,24.1,Introduction,model-building.html,https://r4ds.had.co.nz/model-building.html#introduction-16
3,prerequisites-16,24.1.1,Prerequisites,model-building.html,https://r4ds.had.co.nz/model-building.html#prerequisites-16
2,diamond-prices,24.2,Why are low quality diamonds more expensive?,model-building.html,https://r4ds.had.co.nz/model-building.html#diamond-prices
3,price-and-carat,24.2.1,Price and carat,model-building.html,https://r4ds.had.co.nz/model-building.html#price-and-carat
3,a-more-complicated-model,24.2.2,A more complicated model,model-building.html,https://r4ds.had.co.nz/model-building.html#a-more-complicated-model
3,exercises-63,24.2.3,Exercises,model-building.html,https://r4ds.had.co.nz/model-building.html#exercises-63
2,what-affects-the-number-of-daily-flights,24.3,What affects the number of daily flights?,model-building.html,https://r4ds.had.co.nz/model-building.html#what-affects-the-number-of-daily-flights
3,day-of-week,24.3.1,Day of week,model-building.html,https://r4ds.had.co.nz/model-building.html#day-of-week
3,seasonal-saturday-effect,24.3.2,Seasonal Saturday effect,model-building.html,https://r4ds.had.co.nz/model-building.html#seasonal-saturday-effect
3,computed-variables,24.3.3,Computed variables,model-building.html,https://r4ds.had.co.nz/model-building.html#computed-variables
3,time-of-year-an-alternative-approach,24.3.4,Time of year: an alternative approach,model-building.html,https://r4ds.had.co.nz/model-building.html#time-of-year-an-alternative-approach
3,exercises-64,24.3.5,Exercises,model-building.html,https://r4ds.had.co.nz/model-building.html#exercises-64
2,learning-more-about-models,24.4,Learning more about models,model-building.html,https://r4ds.had.co.nz/model-building.html#learning-more-about-models
1,many-models,25,Many models,many-models.html,https://r4ds.had.co.nz/many-models.html#many-models
2,introduction-17,25.1,Introduction,many-models.html,https://r4ds.had.co.nz/many-models.html#introduction-17
3,prerequisites-17,25.1.1,Prerequisites,many-models.html,https://r4ds.had.co.nz/many-models.html#prerequisites-17
2,gapminder,25.2,gapminder,many-models.html,https://r4ds.had.co.nz/many-models.html#gapminder
3,nested-data,25.2.1,Nested data,many-models.html,https://r4ds.had.co.nz/many-models.html#nested-data
3,list-columns,25.2.2,List-columns,many-models.html,https://r4ds.had.co.nz/many-models.html#list-columns
3,unnesting,25.2.3,Unnesting,many-models.html,https://r4ds.had.co.nz/many-models.html#unnesting
3,model-quality,25.2.4,Model quality,many-models.html,https://r4ds.had.co.nz/many-models.html#model-quality
3,exercises-65,25.2.5,Exercises,many-models.html,https://r4ds.had.co.nz/many-models.html#exercises-65
2,list-columns-1,25.3,List-columns,many-models.html,https://r4ds.had.co.nz/many-models.html#list-columns-1
2,creating-list-columns,25.4,Creating list-columns,many-models.html,https://r4ds.had.co.nz/many-models.html#creating-list-columns
3,with-nesting,25.4.1,With nesting,many-models.html,https://r4ds.had.co.nz/many-models.html#with-nesting
3,from-vectorised-functions,25.4.2,From vectorised functions,many-models.html,https://r4ds.had.co.nz/many-models.html#from-vectorised-functions
3,from-multivalued-summaries,25.4.3,From multivalued summaries,many-models.html,https://r4ds.had.co.nz/many-models.html#from-multivalued-summaries
3,from-a-named-list,25.4.4,From a named list,many-models.html,https://r4ds.had.co.nz/many-models.html#from-a-named-list
3,exercises-66,25.4.5,Exercises,many-models.html,https://r4ds.had.co.nz/many-models.html#exercises-66
2,simplifying-list-columns,25.5,Simplifying list-columns,many-models.html,https://r4ds.had.co.nz/many-models.html#simplifying-list-columns
3,list-to-vector,25.5.1,List to vector,many-models.html,https://r4ds.had.co.nz/many-models.html#list-to-vector
3,unnesting-1,25.5.2,Unnesting,many-models.html,https://r4ds.had.co.nz/many-models.html#unnesting-1
3,exercises-67,25.5.3,Exercises,many-models.html,https://r4ds.had.co.nz/many-models.html#exercises-67
2,making-tidy-data-with-broom,25.6,Making tidy data with broom,many-models.html,https://r4ds.had.co.nz/many-models.html#making-tidy-data-with-broom
1,communicate-intro,26,Introduction,communicate-intro.html,https://r4ds.had.co.nz/communicate-intro.html#communicate-intro
1,r-markdown,27,R Markdown,r-markdown.html,https://r4ds.had.co.nz/r-markdown.html#r-markdown
2,introduction-18,27.1,Introduction,r-markdown.html,https://r4ds.had.co.nz/r-markdown.html#introduction-18
3,prerequisites-18,27.1.1,Prerequisites,r-markdown.html,https://r4ds.had.co.nz/r-markdown.html#prerequisites-18
2,r-markdown-basics,27.2,R Markdown basics,r-markdown.html,https://r4ds.had.co.nz/r-markdown.html#r-markdown-basics
3,exercises-68,27.2.1,Exercises,r-markdown.html,https://r4ds.had.co.nz/r-markdown.html#exercises-68
2,text-formatting-with-markdown,27.3,Text formatting with Markdown,r-markdown.html,https://r4ds.had.co.nz/r-markdown.html#text-formatting-with-markdown
3,exercises-69,27.3.1,Exercises,r-markdown.html,https://r4ds.had.co.nz/r-markdown.html#exercises-69
2,code-chunks,27.4,Code chunks,r-markdown.html,https://r4ds.had.co.nz/r-markdown.html#code-chunks
3,chunk-name,27.4.1,Chunk name,r-markdown.html,https://r4ds.had.co.nz/r-markdown.html#chunk-name
3,chunk-options,27.4.2,Chunk options,r-markdown.html,https://r4ds.had.co.nz/r-markdown.html#chunk-options
3,table,27.4.3,Table,r-markdown.html,https://r4ds.had.co.nz/r-markdown.html#table
3,caching,27.4.4,Caching,r-markdown.html,https://r4ds.had.co.nz/r-markdown.html#caching
3,global-options,27.4.5,Global options,r-markdown.html,https://r4ds.had.co.nz/r-markdown.html#global-options
3,inline-code,27.4.6,Inline code,r-markdown.html,https://r4ds.had.co.nz/r-markdown.html#inline-code
3,exercises-70,27.4.7,Exercises,r-markdown.html,https://r4ds.had.co.nz/r-markdown.html#exercises-70
2,troubleshooting,27.5,Troubleshooting,r-markdown.html,https://r4ds.had.co.nz/r-markdown.html#troubleshooting
2,yaml-header,27.6,YAML header,r-markdown.html,https://r4ds.had.co.nz/r-markdown.html#yaml-header
3,parameters,27.6.1,Parameters,r-markdown.html,https://r4ds.had.co.nz/r-markdown.html#parameters
3,bibliographies-and-citations,27.6.2,Bibliographies and Citations,r-markdown.html,https://r4ds.had.co.nz/r-markdown.html#bibliographies-and-citations
2,learning-more-3,27.7,Learning more,r-markdown.html,https://r4ds.had.co.nz/r-markdown.html#learning-more-3
1,graphics-for-communication,28,Graphics for communication,graphics-for-communication.html,https://r4ds.had.co.nz/graphics-for-communication.html#graphics-for-communication
2,introduction-19,28.1,Introduction,graphics-for-communication.html,https://r4ds.had.co.nz/graphics-for-communication.html#introduction-19
3,prerequisites-19,28.1.1,Prerequisites,graphics-for-communication.html,https://r4ds.had.co.nz/graphics-for-communication.html#prerequisites-19
2,label,28.2,Label,graphics-for-communication.html,https://r4ds.had.co.nz/graphics-for-communication.html#label
3,exercises-71,28.2.1,Exercises,graphics-for-communication.html,https://r4ds.had.co.nz/graphics-for-communication.html#exercises-71
2,annotations,28.3,Annotations,graphics-for-communication.html,https://r4ds.had.co.nz/graphics-for-communication.html#annotations
3,exercises-72,28.3.1,Exercises,graphics-for-communication.html,https://r4ds.had.co.nz/graphics-for-communication.html#exercises-72
2,scales,28.4,Scales,graphics-for-communication.html,https://r4ds.had.co.nz/graphics-for-communication.html#scales
3,axis-ticks-and-legend-keys,28.4.1,Axis ticks and legend keys,graphics-for-communication.html,https://r4ds.had.co.nz/graphics-for-communication.html#axis-ticks-and-legend-keys
3,legend-layout,28.4.2,Legend layout,graphics-for-communication.html,https://r4ds.had.co.nz/graphics-for-communication.html#legend-layout
3,replacing-a-scale,28.4.3,Replacing a scale,graphics-for-communication.html,https://r4ds.had.co.nz/graphics-for-communication.html#replacing-a-scale
3,exercises-73,28.4.4,Exercises,graphics-for-communication.html,https://r4ds.had.co.nz/graphics-for-communication.html#exercises-73
2,zooming,28.5,Zooming,graphics-for-communication.html,https://r4ds.had.co.nz/graphics-for-communication.html#zooming
2,themes,28.6,Themes,graphics-for-communication.html,https://r4ds.had.co.nz/graphics-for-communication.html#themes
2,saving-your-plots,28.7,Saving your plots,graphics-for-communication.html,https://r4ds.had.co.nz/graphics-for-communication.html#saving-your-plots
3,figure-sizing,28.7.1,Figure sizing,graphics-for-communication.html,https://r4ds.had.co.nz/graphics-for-communication.html#figure-sizing
3,other-important-options,28.7.2,Other important options,graphics-for-communication.html,https://r4ds.had.co.nz/graphics-for-communication.html#other-important-options
2,learning-more-4,28.8,Learning more,graphics-for-communication.html,https://r4ds.had.co.nz/graphics-for-communication.html#learning-more-4
1,r-markdown-formats,29,R Markdown formats,r-markdown-formats.html,https://r4ds.had.co.nz/r-markdown-formats.html#r-markdown-formats
2,introduction-20,29.1,Introduction,r-markdown-formats.html,https://r4ds.had.co.nz/r-markdown-formats.html#introduction-20
2,output-options,29.2,Output options,r-markdown-formats.html,https://r4ds.had.co.nz/r-markdown-formats.html#output-options
2,documents,29.3,Documents,r-markdown-formats.html,https://r4ds.had.co.nz/r-markdown-formats.html#documents
2,notebooks,29.4,Notebooks,r-markdown-formats.html,https://r4ds.had.co.nz/r-markdown-formats.html#notebooks
2,presentations,29.5,Presentations,r-markdown-formats.html,https://r4ds.had.co.nz/r-markdown-formats.html#presentations
2,dashboards,29.6,Dashboards,r-markdown-formats.html,https://r4ds.had.co.nz/r-markdown-formats.html#dashboards
2,interactivity,29.7,Interactivity,r-markdown-formats.html,https://r4ds.had.co.nz/r-markdown-formats.html#interactivity
3,htmlwidgets,29.7.1,htmlwidgets,r-markdown-formats.html,https://r4ds.had.co.nz/r-markdown-formats.html#htmlwidgets
3,shiny,29.7.2,Shiny,r-markdown-formats.html,https://r4ds.had.co.nz/r-markdown-formats.html#shiny
2,websites,29.8,Websites,r-markdown-formats.html,https://r4ds.had.co.nz/r-markdown-formats.html#websites
2,other-formats,29.9,Other formats,r-markdown-formats.html,https://r4ds.had.co.nz/r-markdown-formats.html#other-formats
2,learning-more-5,29.10,Learning more,r-markdown-formats.html,https://r4ds.had.co.nz/r-markdown-formats.html#learning-more-5
1,r-markdown-workflow,30,R Markdown workflow,r-markdown-workflow.html,https://r4ds.had.co.nz/r-markdown-workflow.html#r-markdown-workflow
